<?xml version="1.0" encoding="UTF-8"?>
<project-private xmlns="http://www.netbeans.org/ns/project-private/1">
    <editor-bookmarks xmlns="http://www.netbeans.org/ns/editor-bookmarks/2" lastBookmarkId="0"/>
    <open-files xmlns="http://www.netbeans.org/ns/projectui-open-files/2">
        <group name="LiveSite"/>
        <group name="Infrastructure">
            <file>file:/Applications/MAMP/htdocs/honeypot/application/views/slices/header.php</file>
        </group>
        <group name="Digital Agency"/>
    </open-files>
</project-private>
